option_ticker,expiry,expiry_date,strike,contract_type,eval_date,stock_price,target_dte,actual_dte
O:AAPL250321C00230000,20250321,2025-03-21,230.0,C,2025-03-05,235.74,30,16
O:AAPL250321P00230000,20250321,2025-03-21,230.0,P,2025-03-05,235.74,30,16
O:AAPL250321C00232500,20250321,2025-03-21,232.5,C,2025-03-05,235.74,30,16
O:AAPL250321P00232500,20250321,2025-03-21,232.5,P,2025-03-05,235.74,30,16
O:AAPL250321C00235000,20250321,2025-03-21,235.0,C,2025-03-05,235.74,30,16
O:AAPL250321P00235000,20250321,2025-03-21,235.0,P,2025-03-05,235.74,30,16
O:AAPL250321C00237500,20250321,2025-03-21,237.5,C,2025-03-05,235.74,30,16
O:AAPL250321P00237500,20250321,2025-03-21,237.5,P,2025-03-05,235.74,30,16
O:AAPL250321C00240000,20250321,2025-03-21,240.0,C,2025-03-05,235.74,30,16
O:AAPL250321P00240000,20250321,2025-03-21,240.0,P,2025-03-05,235.74,30,16
O:AAPL250516C00225000,20250516,2025-05-16,225.0,C,2025-03-05,235.74,60,72
O:AAPL250516P00225000,20250516,2025-05-16,225.0,P,2025-03-05,235.74,60,72
O:AAPL250516C00230000,20250516,2025-05-16,230.0,C,2025-03-05,235.74,60,72
O:AAPL250516P00230000,20250516,2025-05-16,230.0,P,2025-03-05,235.74,60,72
O:AAPL250516C00235000,20250516,2025-05-16,235.0,C,2025-03-05,235.74,60,72
O:AAPL250516P00235000,20250516,2025-05-16,235.0,P,2025-03-05,235.74,60,72
O:AAPL250516C00240000,20250516,2025-05-16,240.0,C,2025-03-05,235.74,60,72
O:AAPL250516P00240000,20250516,2025-05-16,240.0,P,2025-03-05,235.74,60,72
O:AAPL250516C00245000,20250516,2025-05-16,245.0,C,2025-03-05,235.74,60,72
O:AAPL250516P00245000,20250516,2025-05-16,245.0,P,2025-03-05,235.74,60,72
O:AAPL250620C00225000,20250620,2025-06-20,225.0,C,2025-03-05,235.74,120,107
O:AAPL250620P00225000,20250620,2025-06-20,225.0,P,2025-03-05,235.74,120,107
O:AAPL250620C00230000,20250620,2025-06-20,230.0,C,2025-03-05,235.74,120,107
O:AAPL250620P00230000,20250620,2025-06-20,230.0,P,2025-03-05,235.74,120,107
O:AAPL250620C00235000,20250620,2025-06-20,235.0,C,2025-03-05,235.74,120,107
O:AAPL250620P00235000,20250620,2025-06-20,235.0,P,2025-03-05,235.74,120,107
O:AAPL250620C00240000,20250620,2025-06-20,240.0,C,2025-03-05,235.74,120,107
O:AAPL250620P00240000,20250620,2025-06-20,240.0,P,2025-03-05,235.74,120,107
O:AAPL250620C00245000,20250620,2025-06-20,245.0,C,2025-03-05,235.74,120,107
O:AAPL250620P00245000,20250620,2025-06-20,245.0,P,2025-03-05,235.74,120,107
O:AAPL250815C00225000,20250815,2025-08-15,225.0,C,2025-03-05,235.74,180,163
O:AAPL250815P00225000,20250815,2025-08-15,225.0,P,2025-03-05,235.74,180,163
O:AAPL250815C00230000,20250815,2025-08-15,230.0,C,2025-03-05,235.74,180,163
O:AAPL250815P00230000,20250815,2025-08-15,230.0,P,2025-03-05,235.74,180,163
O:AAPL250815C00235000,20250815,2025-08-15,235.0,C,2025-03-05,235.74,180,163
O:AAPL250815P00235000,20250815,2025-08-15,235.0,P,2025-03-05,235.74,180,163
O:AAPL250815C00240000,20250815,2025-08-15,240.0,C,2025-03-05,235.74,180,163
O:AAPL250815P00240000,20250815,2025-08-15,240.0,P,2025-03-05,235.74,180,163
O:AAPL250815C00245000,20250815,2025-08-15,245.0,C,2025-03-05,235.74,180,163
O:AAPL250815P00245000,20250815,2025-08-15,245.0,P,2025-03-05,235.74,180,163
O:AAPL250418C00217500,20250418,2025-04-18,217.5,C,2025-04-01,223.19,30,17
O:AAPL250418P00217500,20250418,2025-04-18,217.5,P,2025-04-01,223.19,30,17
O:AAPL250418C00220000,20250418,2025-04-18,220.0,C,2025-04-01,223.19,30,17
O:AAPL250418P00220000,20250418,2025-04-18,220.0,P,2025-04-01,223.19,30,17
O:AAPL250418C00222500,20250418,2025-04-18,222.5,C,2025-04-01,223.19,30,17
O:AAPL250418P00222500,20250418,2025-04-18,222.5,P,2025-04-01,223.19,30,17
O:AAPL250418C00225000,20250418,2025-04-18,225.0,C,2025-04-01,223.19,30,17
O:AAPL250418P00225000,20250418,2025-04-18,225.0,P,2025-04-01,223.19,30,17
O:AAPL250418C00227500,20250418,2025-04-18,227.5,C,2025-04-01,223.19,30,17
O:AAPL250418P00227500,20250418,2025-04-18,227.5,P,2025-04-01,223.19,30,17
O:AAPL250516C00217500,20250516,2025-05-16,217.5,C,2025-04-01,223.19,60,45
O:AAPL250516P00217500,20250516,2025-05-16,217.5,P,2025-04-01,223.19,60,45
O:AAPL250516C00220000,20250516,2025-05-16,220.0,C,2025-04-01,223.19,60,45
O:AAPL250516P00220000,20250516,2025-05-16,220.0,P,2025-04-01,223.19,60,45
O:AAPL250516C00222500,20250516,2025-05-16,222.5,C,2025-04-01,223.19,60,45
O:AAPL250516P00222500,20250516,2025-05-16,222.5,P,2025-04-01,223.19,60,45
O:AAPL250516C00227500,20250516,2025-05-16,227.5,C,2025-04-01,223.19,60,45
O:AAPL250516P00227500,20250516,2025-05-16,227.5,P,2025-04-01,223.19,60,45
O:AAPL250718C00215000,20250718,2025-07-18,215.0,C,2025-04-01,223.19,120,108
O:AAPL250718P00215000,20250718,2025-07-18,215.0,P,2025-04-01,223.19,120,108
O:AAPL250718C00220000,20250718,2025-07-18,220.0,C,2025-04-01,223.19,120,108
O:AAPL250718P00220000,20250718,2025-07-18,220.0,P,2025-04-01,223.19,120,108
O:AAPL250718C00225000,20250718,2025-07-18,225.0,C,2025-04-01,223.19,120,108
O:AAPL250718P00225000,20250718,2025-07-18,225.0,P,2025-04-01,223.19,120,108
O:AAPL250718C00230000,20250718,2025-07-18,230.0,C,2025-04-01,223.19,120,108
O:AAPL250718P00230000,20250718,2025-07-18,230.0,P,2025-04-01,223.19,120,108
O:AAPL250718C00235000,20250718,2025-07-18,235.0,C,2025-04-01,223.19,120,108
O:AAPL250718P00235000,20250718,2025-07-18,235.0,P,2025-04-01,223.19,120,108
O:AAPL250919C00215000,20250919,2025-09-19,215.0,C,2025-04-01,223.19,180,171
O:AAPL250919P00215000,20250919,2025-09-19,215.0,P,2025-04-01,223.19,180,171
O:AAPL250919C00220000,20250919,2025-09-19,220.0,C,2025-04-01,223.19,180,171
O:AAPL250919P00220000,20250919,2025-09-19,220.0,P,2025-04-01,223.19,180,171
O:AAPL250919C00225000,20250919,2025-09-19,225.0,C,2025-04-01,223.19,180,171
O:AAPL250919P00225000,20250919,2025-09-19,225.0,P,2025-04-01,223.19,180,171
O:AAPL250919C00230000,20250919,2025-09-19,230.0,C,2025-04-01,223.19,180,171
O:AAPL250919P00230000,20250919,2025-09-19,230.0,P,2025-04-01,223.19,180,171
O:AAPL250919C00235000,20250919,2025-09-19,235.0,C,2025-04-01,223.19,180,171
O:AAPL250919P00235000,20250919,2025-09-19,235.0,P,2025-04-01,223.19,180,171
O:AAPL250516C00207500,20250516,2025-05-16,207.5,C,2025-05-01,213.32,30,15
O:AAPL250516P00207500,20250516,2025-05-16,207.5,P,2025-05-01,213.32,30,15
O:AAPL250516C00210000,20250516,2025-05-16,210.0,C,2025-05-01,213.32,30,15
O:AAPL250516P00210000,20250516,2025-05-16,210.0,P,2025-05-01,213.32,30,15
O:AAPL250516C00212500,20250516,2025-05-16,212.5,C,2025-05-01,213.32,30,15
O:AAPL250516P00212500,20250516,2025-05-16,212.5,P,2025-05-01,213.32,30,15
O:AAPL250516C00215000,20250516,2025-05-16,215.0,C,2025-05-01,213.32,30,15
O:AAPL250516P00215000,20250516,2025-05-16,215.0,P,2025-05-01,213.32,30,15
O:AAPL250620C00207500,20250620,2025-06-20,207.5,C,2025-05-01,213.32,60,50
O:AAPL250620P00207500,20250620,2025-06-20,207.5,P,2025-05-01,213.32,60,50
O:AAPL250620C00210000,20250620,2025-06-20,210.0,C,2025-05-01,213.32,60,50
O:AAPL250620P00210000,20250620,2025-06-20,210.0,P,2025-05-01,213.32,60,50
O:AAPL250620C00212500,20250620,2025-06-20,212.5,C,2025-05-01,213.32,60,50
O:AAPL250620P00212500,20250620,2025-06-20,212.5,P,2025-05-01,213.32,60,50
O:AAPL250620C00215000,20250620,2025-06-20,215.0,C,2025-05-01,213.32,60,50
O:AAPL250620P00215000,20250620,2025-06-20,215.0,P,2025-05-01,213.32,60,50
O:AAPL250620C00217500,20250620,2025-06-20,217.5,C,2025-05-01,213.32,60,50
O:AAPL250620P00217500,20250620,2025-06-20,217.5,P,2025-05-01,213.32,60,50
O:AAPL250815C00205000,20250815,2025-08-15,205.0,C,2025-05-01,213.32,120,106
O:AAPL250815P00205000,20250815,2025-08-15,205.0,P,2025-05-01,213.32,120,106
O:AAPL250815C00210000,20250815,2025-08-15,210.0,C,2025-05-01,213.32,120,106
O:AAPL250815P00210000,20250815,2025-08-15,210.0,P,2025-05-01,213.32,120,106
O:AAPL250815C00215000,20250815,2025-08-15,215.0,C,2025-05-01,213.32,120,106
O:AAPL250815P00215000,20250815,2025-08-15,215.0,P,2025-05-01,213.32,120,106
O:AAPL250815C00220000,20250815,2025-08-15,220.0,C,2025-05-01,213.32,120,106
O:AAPL250815P00220000,20250815,2025-08-15,220.0,P,2025-05-01,213.32,120,106
O:AAPL251017C00205000,20251017,2025-10-17,205.0,C,2025-05-01,213.32,180,169
O:AAPL251017P00205000,20251017,2025-10-17,205.0,P,2025-05-01,213.32,180,169
O:AAPL251017C00210000,20251017,2025-10-17,210.0,C,2025-05-01,213.32,180,169
O:AAPL251017P00210000,20251017,2025-10-17,210.0,P,2025-05-01,213.32,180,169
O:AAPL251017C00215000,20251017,2025-10-17,215.0,C,2025-05-01,213.32,180,169
O:AAPL251017P00215000,20251017,2025-10-17,215.0,P,2025-05-01,213.32,180,169
O:AAPL251017C00220000,20251017,2025-10-17,220.0,C,2025-05-01,213.32,180,169
O:AAPL251017P00220000,20251017,2025-10-17,220.0,P,2025-05-01,213.32,180,169
O:AAPL251017C00225000,20251017,2025-10-17,225.0,C,2025-05-01,213.32,180,169
O:AAPL251017P00225000,20251017,2025-10-17,225.0,P,2025-05-01,213.32,180,169
O:AAPL250620C00197500,20250620,2025-06-20,197.5,C,2025-06-02,201.7,30,18
O:AAPL250620P00197500,20250620,2025-06-20,197.5,P,2025-06-02,201.7,30,18
O:AAPL250620C00200000,20250620,2025-06-20,200.0,C,2025-06-02,201.7,30,18
O:AAPL250620P00200000,20250620,2025-06-20,200.0,P,2025-06-02,201.7,30,18
O:AAPL250620C00202500,20250620,2025-06-20,202.5,C,2025-06-02,201.7,30,18
O:AAPL250620P00202500,20250620,2025-06-20,202.5,P,2025-06-02,201.7,30,18
O:AAPL250620C00205000,20250620,2025-06-20,205.0,C,2025-06-02,201.7,30,18
O:AAPL250620P00205000,20250620,2025-06-20,205.0,P,2025-06-02,201.7,30,18
O:AAPL250718C00197500,20250718,2025-07-18,197.5,C,2025-06-02,201.7,60,46
O:AAPL250718P00197500,20250718,2025-07-18,197.5,P,2025-06-02,201.7,60,46
O:AAPL250718C00200000,20250718,2025-07-18,200.0,C,2025-06-02,201.7,60,46
O:AAPL250718P00200000,20250718,2025-07-18,200.0,P,2025-06-02,201.7,60,46
O:AAPL250718C00202500,20250718,2025-07-18,202.5,C,2025-06-02,201.7,60,46
O:AAPL250718P00202500,20250718,2025-07-18,202.5,P,2025-06-02,201.7,60,46
O:AAPL250718C00205000,20250718,2025-07-18,205.0,C,2025-06-02,201.7,60,46
O:AAPL250718P00205000,20250718,2025-07-18,205.0,P,2025-06-02,201.7,60,46
O:AAPL250718C00207500,20250718,2025-07-18,207.5,C,2025-06-02,201.7,60,46
O:AAPL250718P00207500,20250718,2025-07-18,207.5,P,2025-06-02,201.7,60,46
O:AAPL250919C00190000,20250919,2025-09-19,190.0,C,2025-06-02,201.7,120,109
O:AAPL250919P00190000,20250919,2025-09-19,190.0,P,2025-06-02,201.7,120,109
O:AAPL250919C00195000,20250919,2025-09-19,195.0,C,2025-06-02,201.7,120,109
O:AAPL250919P00195000,20250919,2025-09-19,195.0,P,2025-06-02,201.7,120,109
O:AAPL250919C00200000,20250919,2025-09-19,200.0,C,2025-06-02,201.7,120,109
O:AAPL250919P00200000,20250919,2025-09-19,200.0,P,2025-06-02,201.7,120,109
O:AAPL250919C00205000,20250919,2025-09-19,205.0,C,2025-06-02,201.7,120,109
O:AAPL250919P00205000,20250919,2025-09-19,205.0,P,2025-06-02,201.7,120,109
O:AAPL250919C00210000,20250919,2025-09-19,210.0,C,2025-06-02,201.7,120,109
O:AAPL250919P00210000,20250919,2025-09-19,210.0,P,2025-06-02,201.7,120,109
O:AAPL251121C00190000,20251121,2025-11-21,190.0,C,2025-06-02,201.7,180,172
O:AAPL251121P00190000,20251121,2025-11-21,190.0,P,2025-06-02,201.7,180,172
O:AAPL251121C00195000,20251121,2025-11-21,195.0,C,2025-06-02,201.7,180,172
O:AAPL251121P00195000,20251121,2025-11-21,195.0,P,2025-06-02,201.7,180,172
O:AAPL251121C00200000,20251121,2025-11-21,200.0,C,2025-06-02,201.7,180,172
O:AAPL251121P00200000,20251121,2025-11-21,200.0,P,2025-06-02,201.7,180,172
O:AAPL251121C00205000,20251121,2025-11-21,205.0,C,2025-06-02,201.7,180,172
O:AAPL251121P00205000,20251121,2025-11-21,205.0,P,2025-06-02,201.7,180,172
O:AAPL251121C00210000,20251121,2025-11-21,210.0,C,2025-06-02,201.7,180,172
O:AAPL251121P00210000,20251121,2025-11-21,210.0,P,2025-06-02,201.7,180,172
O:AAPL250718C00210000,20250718,2025-07-18,210.0,C,2025-07-01,207.82,30,17
O:AAPL250718P00210000,20250718,2025-07-18,210.0,P,2025-07-01,207.82,30,17
O:AAPL250718C00212500,20250718,2025-07-18,212.5,C,2025-07-01,207.82,30,17
O:AAPL250718P00212500,20250718,2025-07-18,212.5,P,2025-07-01,207.82,30,17
O:AAPL250815C00202500,20250815,2025-08-15,202.5,C,2025-07-01,207.82,60,45
O:AAPL250815P00202500,20250815,2025-08-15,202.5,P,2025-07-01,207.82,60,45
O:AAPL250815C00207500,20250815,2025-08-15,207.5,C,2025-07-01,207.82,60,45
O:AAPL250815P00207500,20250815,2025-08-15,207.5,P,2025-07-01,207.82,60,45
O:AAPL250815C00212500,20250815,2025-08-15,212.5,C,2025-07-01,207.82,60,45
O:AAPL250815P00212500,20250815,2025-08-15,212.5,P,2025-07-01,207.82,60,45
O:AAPL251017C00200000,20251017,2025-10-17,200.0,C,2025-07-01,207.82,120,108
O:AAPL251017P00200000,20251017,2025-10-17,200.0,P,2025-07-01,207.82,120,108
O:AAPL251219C00200000,20251219,2025-12-19,200.0,C,2025-07-01,207.82,180,171
O:AAPL251219P00200000,20251219,2025-12-19,200.0,P,2025-07-01,207.82,180,171
O:AAPL251219C00205000,20251219,2025-12-19,205.0,C,2025-07-01,207.82,180,171
O:AAPL251219P00205000,20251219,2025-12-19,205.0,P,2025-07-01,207.82,180,171
O:AAPL251219C00210000,20251219,2025-12-19,210.0,C,2025-07-01,207.82,180,171
O:AAPL251219P00210000,20251219,2025-12-19,210.0,P,2025-07-01,207.82,180,171
O:AAPL251219C00215000,20251219,2025-12-19,215.0,C,2025-07-01,207.82,180,171
O:AAPL251219P00215000,20251219,2025-12-19,215.0,P,2025-07-01,207.82,180,171
O:AAPL251219C00220000,20251219,2025-12-19,220.0,C,2025-07-01,207.82,180,171
O:AAPL251219P00220000,20251219,2025-12-19,220.0,P,2025-07-01,207.82,180,171
O:AAPL250815C00197500,20250815,2025-08-15,197.5,C,2025-08-01,202.38,30,14
O:AAPL250815P00197500,20250815,2025-08-15,197.5,P,2025-08-01,202.38,30,14
O:AAPL250815C00200000,20250815,2025-08-15,200.0,C,2025-08-01,202.38,30,14
O:AAPL250815P00200000,20250815,2025-08-15,200.0,P,2025-08-01,202.38,30,14
O:AAPL250919C00197500,20250919,2025-09-19,197.5,C,2025-08-01,202.38,60,49
O:AAPL250919P00197500,20250919,2025-09-19,197.5,P,2025-08-01,202.38,60,49
O:AAPL250919C00202500,20250919,2025-09-19,202.5,C,2025-08-01,202.38,60,49
O:AAPL250919P00202500,20250919,2025-09-19,202.5,P,2025-08-01,202.38,60,49
O:AAPL250919C00207500,20250919,2025-09-19,207.5,C,2025-08-01,202.38,60,49
O:AAPL250919P00207500,20250919,2025-09-19,207.5,P,2025-08-01,202.38,60,49
O:AAPL260116C00190000,20260116,2026-01-16,190.0,C,2025-08-01,202.38,180,168
O:AAPL260116P00190000,20260116,2026-01-16,190.0,P,2025-08-01,202.38,180,168
O:AAPL260116C00195000,20260116,2026-01-16,195.0,C,2025-08-01,202.38,180,168
O:AAPL260116P00195000,20260116,2026-01-16,195.0,P,2025-08-01,202.38,180,168
O:AAPL260116C00200000,20260116,2026-01-16,200.0,C,2025-08-01,202.38,180,168
O:AAPL260116P00200000,20260116,2026-01-16,200.0,P,2025-08-01,202.38,180,168
O:AAPL260116C00205000,20260116,2026-01-16,205.0,C,2025-08-01,202.38,180,168
O:AAPL260116P00205000,20260116,2026-01-16,205.0,P,2025-08-01,202.38,180,168
O:AAPL260116C00210000,20260116,2026-01-16,210.0,C,2025-08-01,202.38,180,168
O:AAPL260116P00210000,20260116,2026-01-16,210.0,P,2025-08-01,202.38,180,168
O:AAPL250919C00227500,20250919,2025-09-19,227.5,C,2025-09-02,229.72,30,17
O:AAPL250919P00227500,20250919,2025-09-19,227.5,P,2025-09-02,229.72,30,17
O:AAPL250919C00232500,20250919,2025-09-19,232.5,C,2025-09-02,229.72,30,17
O:AAPL250919P00232500,20250919,2025-09-19,232.5,P,2025-09-02,229.72,30,17
O:AAPL251017C00227500,20251017,2025-10-17,227.5,C,2025-09-02,229.72,60,45
O:AAPL251017P00227500,20251017,2025-10-17,227.5,P,2025-09-02,229.72,60,45
O:AAPL251017C00230000,20251017,2025-10-17,230.0,C,2025-09-02,229.72,60,45
O:AAPL251017P00230000,20251017,2025-10-17,230.0,P,2025-09-02,229.72,60,45
O:AAPL251017C00232500,20251017,2025-10-17,232.5,C,2025-09-02,229.72,60,45
O:AAPL251017P00232500,20251017,2025-10-17,232.5,P,2025-09-02,229.72,60,45
O:AAPL251017C00235000,20251017,2025-10-17,235.0,C,2025-09-02,229.72,60,45
O:AAPL251017P00235000,20251017,2025-10-17,235.0,P,2025-09-02,229.72,60,45
O:AAPL251219C00225000,20251219,2025-12-19,225.0,C,2025-09-02,229.72,120,108
O:AAPL251219P00225000,20251219,2025-12-19,225.0,P,2025-09-02,229.72,120,108
O:AAPL251219C00230000,20251219,2025-12-19,230.0,C,2025-09-02,229.72,120,108
O:AAPL251219P00230000,20251219,2025-12-19,230.0,P,2025-09-02,229.72,120,108
O:AAPL251219C00235000,20251219,2025-12-19,235.0,C,2025-09-02,229.72,120,108
O:AAPL251219P00235000,20251219,2025-12-19,235.0,P,2025-09-02,229.72,120,108
O:AAPL251219C00240000,20251219,2025-12-19,240.0,C,2025-09-02,229.72,120,108
O:AAPL251219P00240000,20251219,2025-12-19,240.0,P,2025-09-02,229.72,120,108
O:AAPL260220C00220000,20260220,2026-02-20,220.0,C,2025-09-02,229.72,180,171
O:AAPL260220P00220000,20260220,2026-02-20,220.0,P,2025-09-02,229.72,180,171
O:AAPL260220C00225000,20260220,2026-02-20,225.0,C,2025-09-02,229.72,180,171
O:AAPL260220P00225000,20260220,2026-02-20,225.0,P,2025-09-02,229.72,180,171
O:AAPL260220C00230000,20260220,2026-02-20,230.0,C,2025-09-02,229.72,180,171
O:AAPL260220P00230000,20260220,2026-02-20,230.0,P,2025-09-02,229.72,180,171
O:AAPL260220C00235000,20260220,2026-02-20,235.0,C,2025-09-02,229.72,180,171
O:AAPL260220P00235000,20260220,2026-02-20,235.0,P,2025-09-02,229.72,180,171
O:AAPL260220C00240000,20260220,2026-02-20,240.0,C,2025-09-02,229.72,180,171
O:AAPL260220P00240000,20260220,2026-02-20,240.0,P,2025-09-02,229.72,180,171
O:AAPL251017C00250000,20251017,2025-10-17,250.0,C,2025-10-01,255.45,30,16
O:AAPL251017P00250000,20251017,2025-10-17,250.0,P,2025-10-01,255.45,30,16
O:AAPL251017C00252500,20251017,2025-10-17,252.5,C,2025-10-01,255.45,30,16
O:AAPL251017P00252500,20251017,2025-10-17,252.5,P,2025-10-01,255.45,30,16
O:AAPL251017C00255000,20251017,2025-10-17,255.0,C,2025-10-01,255.45,30,16
O:AAPL251017P00255000,20251017,2025-10-17,255.0,P,2025-10-01,255.45,30,16
O:AAPL251017C00257500,20251017,2025-10-17,257.5,C,2025-10-01,255.45,30,16
O:AAPL251017P00257500,20251017,2025-10-17,257.5,P,2025-10-01,255.45,30,16
O:AAPL251017C00260000,20251017,2025-10-17,260.0,C,2025-10-01,255.45,30,16
O:AAPL251017P00260000,20251017,2025-10-17,260.0,P,2025-10-01,255.45,30,16
O:AAPL251121C00250000,20251121,2025-11-21,250.0,C,2025-10-01,255.45,60,51
O:AAPL251121P00250000,20251121,2025-11-21,250.0,P,2025-10-01,255.45,60,51
O:AAPL251121C00252500,20251121,2025-11-21,252.5,C,2025-10-01,255.45,60,51
O:AAPL251121P00252500,20251121,2025-11-21,252.5,P,2025-10-01,255.45,60,51
O:AAPL251121C00255000,20251121,2025-11-21,255.0,C,2025-10-01,255.45,60,51
O:AAPL251121P00255000,20251121,2025-11-21,255.0,P,2025-10-01,255.45,60,51
O:AAPL251121C00257500,20251121,2025-11-21,257.5,C,2025-10-01,255.45,60,51
O:AAPL251121P00257500,20251121,2025-11-21,257.5,P,2025-10-01,255.45,60,51
O:AAPL251121C00260000,20251121,2025-11-21,260.0,C,2025-10-01,255.45,60,51
O:AAPL251121P00260000,20251121,2025-11-21,260.0,P,2025-10-01,255.45,60,51
O:AAPL260116C00245000,20260116,2026-01-16,245.0,C,2025-10-01,255.45,120,107
O:AAPL260116P00245000,20260116,2026-01-16,245.0,P,2025-10-01,255.45,120,107
O:AAPL260116C00250000,20260116,2026-01-16,250.0,C,2025-10-01,255.45,120,107
O:AAPL260116P00250000,20260116,2026-01-16,250.0,P,2025-10-01,255.45,120,107
O:AAPL260116C00255000,20260116,2026-01-16,255.0,C,2025-10-01,255.45,120,107
O:AAPL260116P00255000,20260116,2026-01-16,255.0,P,2025-10-01,255.45,120,107
O:AAPL260116C00260000,20260116,2026-01-16,260.0,C,2025-10-01,255.45,120,107
O:AAPL260116P00260000,20260116,2026-01-16,260.0,P,2025-10-01,255.45,120,107
O:AAPL260116C00265000,20260116,2026-01-16,265.0,C,2025-10-01,255.45,120,107
O:AAPL260116P00265000,20260116,2026-01-16,265.0,P,2025-10-01,255.45,120,107
O:AAPL260320C00245000,20260320,2026-03-20,245.0,C,2025-10-01,255.45,180,170
O:AAPL260320P00245000,20260320,2026-03-20,245.0,P,2025-10-01,255.45,180,170
O:AAPL260320C00250000,20260320,2026-03-20,250.0,C,2025-10-01,255.45,180,170
O:AAPL260320P00250000,20260320,2026-03-20,250.0,P,2025-10-01,255.45,180,170
O:AAPL260320C00255000,20260320,2026-03-20,255.0,C,2025-10-01,255.45,180,170
O:AAPL260320P00255000,20260320,2026-03-20,255.0,P,2025-10-01,255.45,180,170
O:AAPL260320C00260000,20260320,2026-03-20,260.0,C,2025-10-01,255.45,180,170
O:AAPL260320P00260000,20260320,2026-03-20,260.0,P,2025-10-01,255.45,180,170
O:AAPL260320C00265000,20260320,2026-03-20,265.0,C,2025-10-01,255.45,180,170
O:AAPL260320P00265000,20260320,2026-03-20,265.0,P,2025-10-01,255.45,180,170
O:AAPL251121C00265000,20251121,2025-11-21,265.0,C,2025-11-03,269.05,30,18
O:AAPL251121P00265000,20251121,2025-11-21,265.0,P,2025-11-03,269.05,30,18
O:AAPL251121C00267500,20251121,2025-11-21,267.5,C,2025-11-03,269.05,30,18
O:AAPL251121P00267500,20251121,2025-11-21,267.5,P,2025-11-03,269.05,30,18
O:AAPL251121C00270000,20251121,2025-11-21,270.0,C,2025-11-03,269.05,30,18
O:AAPL251121P00270000,20251121,2025-11-21,270.0,P,2025-11-03,269.05,30,18
O:AAPL251121C00272500,20251121,2025-11-21,272.5,C,2025-11-03,269.05,30,18
O:AAPL251121P00272500,20251121,2025-11-21,272.5,P,2025-11-03,269.05,30,18
O:AAPL251121C00275000,20251121,2025-11-21,275.0,C,2025-11-03,269.05,30,18
O:AAPL251121P00275000,20251121,2025-11-21,275.0,P,2025-11-03,269.05,30,18
O:AAPL251219C00265000,20251219,2025-12-19,265.0,C,2025-11-03,269.05,60,46
O:AAPL251219P00265000,20251219,2025-12-19,265.0,P,2025-11-03,269.05,60,46
O:AAPL251219C00267500,20251219,2025-12-19,267.5,C,2025-11-03,269.05,60,46
O:AAPL251219P00267500,20251219,2025-12-19,267.5,P,2025-11-03,269.05,60,46
O:AAPL251219C00270000,20251219,2025-12-19,270.0,C,2025-11-03,269.05,60,46
O:AAPL251219P00270000,20251219,2025-12-19,270.0,P,2025-11-03,269.05,60,46
O:AAPL251219C00272500,20251219,2025-12-19,272.5,C,2025-11-03,269.05,60,46
O:AAPL251219P00272500,20251219,2025-12-19,272.5,P,2025-11-03,269.05,60,46
O:AAPL251219C00275000,20251219,2025-12-19,275.0,C,2025-11-03,269.05,60,46
O:AAPL251219P00275000,20251219,2025-12-19,275.0,P,2025-11-03,269.05,60,46
O:AAPL260220C00260000,20260220,2026-02-20,260.0,C,2025-11-03,269.05,120,109
O:AAPL260220P00260000,20260220,2026-02-20,260.0,P,2025-11-03,269.05,120,109
O:AAPL260220C00265000,20260220,2026-02-20,265.0,C,2025-11-03,269.05,120,109
O:AAPL260220P00265000,20260220,2026-02-20,265.0,P,2025-11-03,269.05,120,109
O:AAPL260220C00270000,20260220,2026-02-20,270.0,C,2025-11-03,269.05,120,109
O:AAPL260220P00270000,20260220,2026-02-20,270.0,P,2025-11-03,269.05,120,109
O:AAPL260220C00275000,20260220,2026-02-20,275.0,C,2025-11-03,269.05,120,109
O:AAPL260220P00275000,20260220,2026-02-20,275.0,P,2025-11-03,269.05,120,109
O:AAPL260220C00280000,20260220,2026-02-20,280.0,C,2025-11-03,269.05,120,109
O:AAPL260220P00280000,20260220,2026-02-20,280.0,P,2025-11-03,269.05,120,109
O:AAPL260515C00260000,20260515,2026-05-15,260.0,C,2025-11-03,269.05,180,193
O:AAPL260515P00260000,20260515,2026-05-15,260.0,P,2025-11-03,269.05,180,193
O:AAPL260515C00265000,20260515,2026-05-15,265.0,C,2025-11-03,269.05,180,193
O:AAPL260515P00265000,20260515,2026-05-15,265.0,P,2025-11-03,269.05,180,193
O:AAPL260515C00270000,20260515,2026-05-15,270.0,C,2025-11-03,269.05,180,193
O:AAPL260515P00270000,20260515,2026-05-15,270.0,P,2025-11-03,269.05,180,193
O:AAPL260515C00275000,20260515,2026-05-15,275.0,C,2025-11-03,269.05,180,193
O:AAPL260515P00275000,20260515,2026-05-15,275.0,P,2025-11-03,269.05,180,193
O:AAPL260515C00280000,20260515,2026-05-15,280.0,C,2025-11-03,269.05,180,193
O:AAPL260515P00280000,20260515,2026-05-15,280.0,P,2025-11-03,269.05,180,193
O:AAPL251219C00277500,20251219,2025-12-19,277.5,C,2025-12-01,283.1,30,18
O:AAPL251219P00277500,20251219,2025-12-19,277.5,P,2025-12-01,283.1,30,18
O:AAPL251219C00280000,20251219,2025-12-19,280.0,C,2025-12-01,283.1,30,18
O:AAPL251219P00280000,20251219,2025-12-19,280.0,P,2025-12-01,283.1,30,18
O:AAPL251219C00282500,20251219,2025-12-19,282.5,C,2025-12-01,283.1,30,18
O:AAPL251219P00282500,20251219,2025-12-19,282.5,P,2025-12-01,283.1,30,18
O:AAPL251219C00285000,20251219,2025-12-19,285.0,C,2025-12-01,283.1,30,18
O:AAPL251219P00285000,20251219,2025-12-19,285.0,P,2025-12-01,283.1,30,18
O:AAPL251219C00287500,20251219,2025-12-19,287.5,C,2025-12-01,283.1,30,18
O:AAPL251219P00287500,20251219,2025-12-19,287.5,P,2025-12-01,283.1,30,18
O:AAPL260116C00277500,20260116,2026-01-16,277.5,C,2025-12-01,283.1,60,46
O:AAPL260116P00277500,20260116,2026-01-16,277.5,P,2025-12-01,283.1,60,46
O:AAPL260116C00280000,20260116,2026-01-16,280.0,C,2025-12-01,283.1,60,46
O:AAPL260116P00280000,20260116,2026-01-16,280.0,P,2025-12-01,283.1,60,46
O:AAPL260116C00282500,20260116,2026-01-16,282.5,C,2025-12-01,283.1,60,46
O:AAPL260116P00282500,20260116,2026-01-16,282.5,P,2025-12-01,283.1,60,46
O:AAPL260116C00285000,20260116,2026-01-16,285.0,C,2025-12-01,283.1,60,46
O:AAPL260116P00285000,20260116,2026-01-16,285.0,P,2025-12-01,283.1,60,46
O:AAPL260116C00287500,20260116,2026-01-16,287.5,C,2025-12-01,283.1,60,46
O:AAPL260116P00287500,20260116,2026-01-16,287.5,P,2025-12-01,283.1,60,46
O:AAPL260320C00275000,20260320,2026-03-20,275.0,C,2025-12-01,283.1,120,109
O:AAPL260320P00275000,20260320,2026-03-20,275.0,P,2025-12-01,283.1,120,109
O:AAPL260320C00280000,20260320,2026-03-20,280.0,C,2025-12-01,283.1,120,109
O:AAPL260320P00280000,20260320,2026-03-20,280.0,P,2025-12-01,283.1,120,109
O:AAPL260320C00285000,20260320,2026-03-20,285.0,C,2025-12-01,283.1,120,109
O:AAPL260320P00285000,20260320,2026-03-20,285.0,P,2025-12-01,283.1,120,109
O:AAPL260320C00290000,20260320,2026-03-20,290.0,C,2025-12-01,283.1,120,109
O:AAPL260320P00290000,20260320,2026-03-20,290.0,P,2025-12-01,283.1,120,109
O:AAPL260320C00295000,20260320,2026-03-20,295.0,C,2025-12-01,283.1,120,109
O:AAPL260320P00295000,20260320,2026-03-20,295.0,P,2025-12-01,283.1,120,109
O:AAPL260515C00285000,20260515,2026-05-15,285.0,C,2025-12-01,283.1,180,165
O:AAPL260515P00285000,20260515,2026-05-15,285.0,P,2025-12-01,283.1,180,165
O:AAPL260515C00290000,20260515,2026-05-15,290.0,C,2025-12-01,283.1,180,165
O:AAPL260515P00290000,20260515,2026-05-15,290.0,P,2025-12-01,283.1,180,165
O:AAPL260515C00295000,20260515,2026-05-15,295.0,C,2025-12-01,283.1,180,165
O:AAPL260515P00295000,20260515,2026-05-15,295.0,P,2025-12-01,283.1,180,165
O:AAPL260116C00267500,20260116,2026-01-16,267.5,C,2026-01-02,271.01,30,14
O:AAPL260116P00267500,20260116,2026-01-16,267.5,P,2026-01-02,271.01,30,14
O:AAPL260116C00270000,20260116,2026-01-16,270.0,C,2026-01-02,271.01,30,14
O:AAPL260116P00270000,20260116,2026-01-16,270.0,P,2026-01-02,271.01,30,14
O:AAPL260116C00272500,20260116,2026-01-16,272.5,C,2026-01-02,271.01,30,14
O:AAPL260116P00272500,20260116,2026-01-16,272.5,P,2026-01-02,271.01,30,14
O:AAPL260116C00275000,20260116,2026-01-16,275.0,C,2026-01-02,271.01,30,14
O:AAPL260116P00275000,20260116,2026-01-16,275.0,P,2026-01-02,271.01,30,14
O:AAPL260220C00267500,20260220,2026-02-20,267.5,C,2026-01-02,271.01,60,49
O:AAPL260220P00267500,20260220,2026-02-20,267.5,P,2026-01-02,271.01,60,49
O:AAPL260220C00272500,20260220,2026-02-20,272.5,C,2026-01-02,271.01,60,49
O:AAPL260220P00272500,20260220,2026-02-20,272.5,P,2026-01-02,271.01,60,49
O:AAPL260619C00260000,20260619,2026-06-19,260.0,C,2026-01-02,271.01,180,168
O:AAPL260619P00260000,20260619,2026-06-19,260.0,P,2026-01-02,271.01,180,168
O:AAPL260619C00265000,20260619,2026-06-19,265.0,C,2026-01-02,271.01,180,168
O:AAPL260619P00265000,20260619,2026-06-19,265.0,P,2026-01-02,271.01,180,168
O:AAPL260619C00270000,20260619,2026-06-19,270.0,C,2026-01-02,271.01,180,168
O:AAPL260619P00270000,20260619,2026-06-19,270.0,P,2026-01-02,271.01,180,168
O:AAPL260619C00275000,20260619,2026-06-19,275.0,C,2026-01-02,271.01,180,168
O:AAPL260619P00275000,20260619,2026-06-19,275.0,P,2026-01-02,271.01,180,168
O:AAPL260619C00280000,20260619,2026-06-19,280.0,C,2026-01-02,271.01,180,168
O:AAPL260619P00280000,20260619,2026-06-19,280.0,P,2026-01-02,271.01,180,168
O:AAPL260320C00267500,20260320,2026-03-20,267.5,C,2026-02-02,270.01,60,46
O:AAPL260320P00267500,20260320,2026-03-20,267.5,P,2026-02-02,270.01,60,46
O:AAPL260320C00270000,20260320,2026-03-20,270.0,C,2026-02-02,270.01,60,46
O:AAPL260320P00270000,20260320,2026-03-20,270.0,P,2026-02-02,270.01,60,46
O:AAPL260320C00272500,20260320,2026-03-20,272.5,C,2026-02-02,270.01,60,46
O:AAPL260320P00272500,20260320,2026-03-20,272.5,P,2026-02-02,270.01,60,46
O:AAPL260717C00260000,20260717,2026-07-17,260.0,C,2026-02-02,270.01,180,165
O:AAPL260717P00260000,20260717,2026-07-17,260.0,P,2026-02-02,270.01,180,165
O:AAPL260717C00265000,20260717,2026-07-17,265.0,C,2026-02-02,270.01,180,165
O:AAPL260717P00265000,20260717,2026-07-17,265.0,P,2026-02-02,270.01,180,165
O:AAPL260717C00270000,20260717,2026-07-17,270.0,C,2026-02-02,270.01,180,165
O:AAPL260717P00270000,20260717,2026-07-17,270.0,P,2026-02-02,270.01,180,165
O:AAPL260717C00275000,20260717,2026-07-17,275.0,C,2026-02-02,270.01,180,165
O:AAPL260717P00275000,20260717,2026-07-17,275.0,P,2026-02-02,270.01,180,165
O:AAPL260717C00280000,20260717,2026-07-17,280.0,C,2026-02-02,270.01,180,165
O:AAPL260717P00280000,20260717,2026-07-17,280.0,P,2026-02-02,270.01,180,165
O:AAPL260320C00262500,20260320,2026-03-20,262.5,C,2026-03-02,264.72,30,18
O:AAPL260320P00262500,20260320,2026-03-20,262.5,P,2026-03-02,264.72,30,18
O:AAPL260417C00260000,20260417,2026-04-17,260.0,C,2026-03-02,264.72,60,46
O:AAPL260417P00260000,20260417,2026-04-17,260.0,P,2026-03-02,264.72,60,46
O:AAPL260417C00262500,20260417,2026-04-17,262.5,C,2026-03-02,264.72,60,46
O:AAPL260417P00262500,20260417,2026-04-17,262.5,P,2026-03-02,264.72,60,46
O:AAPL260417C00265000,20260417,2026-04-17,265.0,C,2026-03-02,264.72,60,46
O:AAPL260417P00265000,20260417,2026-04-17,265.0,P,2026-03-02,264.72,60,46
O:AAPL260417C00267500,20260417,2026-04-17,267.5,C,2026-03-02,264.72,60,46
O:AAPL260417P00267500,20260417,2026-04-17,267.5,P,2026-03-02,264.72,60,46
O:AAPL260417C00270000,20260417,2026-04-17,270.0,C,2026-03-02,264.72,60,46
O:AAPL260417P00270000,20260417,2026-04-17,270.0,P,2026-03-02,264.72,60,46
O:AAPL260619C00255000,20260619,2026-06-19,255.0,C,2026-03-02,264.72,120,109
O:AAPL260619P00255000,20260619,2026-06-19,255.0,P,2026-03-02,264.72,120,109
O:AAPL260821C00255000,20260821,2026-08-21,255.0,C,2026-03-02,264.72,180,172
O:AAPL260821P00255000,20260821,2026-08-21,255.0,P,2026-03-02,264.72,180,172
O:AAPL260821C00260000,20260821,2026-08-21,260.0,C,2026-03-02,264.72,180,172
O:AAPL260821P00260000,20260821,2026-08-21,260.0,P,2026-03-02,264.72,180,172
O:AAPL260821C00265000,20260821,2026-08-21,265.0,C,2026-03-02,264.72,180,172
O:AAPL260821P00265000,20260821,2026-08-21,265.0,P,2026-03-02,264.72,180,172
O:AAPL260821C00270000,20260821,2026-08-21,270.0,C,2026-03-02,264.72,180,172
O:AAPL260821P00270000,20260821,2026-08-21,270.0,P,2026-03-02,264.72,180,172
O:AAPL260821C00275000,20260821,2026-08-21,275.0,C,2026-03-02,264.72,180,172
O:AAPL260821P00275000,20260821,2026-08-21,275.0,P,2026-03-02,264.72,180,172
