symbol,IV30D,IV180D,stock_price
A,0.3754225039717702,0.3754225039717702,124.85000000000001
AA,0.6815834920041481,0.6249373558037292,65.5
AAL,0.5166822392921843,0.5166822392921843,13.280000000000001
AAOI,1.342737863553193,1.342737863553193,58.69340133666992
AAP,0.5690243138299935,0.6141059568061115,50.42
AAPL,0.24770107433473304,0.2731491077418582,273.9100036621094
ABBV,0.2675101090797275,0.2675101090797275,230.44
ABNB,0.33675535275102597,0.33675535275102597,131.33
ABT,0.22411864810527768,0.238314309732744,115.51
ACGL,0.21748638780160168,0.2381976361848855,99.11
ACI,0.29712486483198336,0.3215377610669226,17.580000000000002
ACM,0.32755011711783716,0.34811859984365146,94.48
ADC,0.20570463107828316,0.21153599609067678,79.60000000000001
ADM,0.3113722721087032,0.3036030893877666,66.62
ADP,0.30841309573861414,0.31229810438877503,209.84
AEE,0.2033872844316587,0.2033872844316587,111.35000000000001
AEIS,0.5937558438974004,0.5824706372004492,345.8
AEM,0.4810868270412194,0.46649089701813673,243.74
AEO,0.7579719874058121,0.7579719874058121,24.09
AEP,0.21410707218244765,0.2090141011558876,132.03
AER,0.2704982306603999,0.27931639461491814,149.97
AES,0.32310828519222556,0.26870779633726677,16.41
AFRM,0.6884204248948318,0.6884204248948318,48.27
AG,0.9010659196124884,0.846334902489714,29.73
AGI,0.5286533610455842,0.5289245795535158,50.25
AGNC,0.224529046875327,0.224529046875327,11.28
AGX,0.7731016044350641,0.7687605281712218,451.19
AIG,0.25873098698420066,0.25873098698420066,79.89
AIT,0.28601612181900693,0.30655372695240163,280.29
AIZ,0.2592769340464199,0.2436452308844751,223.91
AJG,0.3660357719241341,0.3511415688811994,216.87
ALAB,0.8588354917642353,0.8369583157860938,123.26
ALB,0.6742342435525932,0.6742342435525932,197.05
ALC,0.26651791042549683,0.2734115610932993,86.34
ALGM,0.5708434144790492,0.6021985498111037,38.08
ALGN,0.3855165458644443,0.3855165458644443,187.37
ALK,0.5116096711844683,0.4752657900547035,54.1
ALL,0.24757482043588877,0.247566984316394,208.89000000000001
ALLE,0.24402953730465984,0.24124588254849372,155.59
ALLY,0.3473370399367406,0.34932364219222267,41.52
ALNY,0.4143985482437863,0.4668493388702963,326.52
AMAT,0.50974552554921,0.5146204226757343,391.12
AMD,0.5678390847110069,0.5667199662344872,212.65
AME,0.21900619897561263,0.23722100025610132,235.3253936767578
AMG,0.41045986875199975,0.395439856809197,311.94
AMGN,0.2580046831790497,0.2769058600866779,384.04
AMH,0.2577745511223457,0.2842444211402716,29.73
AMP,0.3141561970281098,0.31477803295833323,476.05
AMPX,1.1531809428801927,1.1156758530798359,11.125
AMT,0.26600308030314257,0.2791400406985548,185.99
AMZN,0.3252194771250019,0.3252194771250019,210.1199951171875
AN,0.3065179192406352,0.3410652458179974,196.54
ANET,0.5095833305997509,0.5095833305997509,131.7
ANF,0.7772762168024152,0.5878182907633338,96.2
AON,0.26717422005862224,0.25637216394215095,322.63
AOS,0.2386122533430059,0.24425619469168663,76.38
APA,0.5504524729474295,0.5504524729474295,27.96
APH,0.48297827206871335,0.45332591041765435,153.43
APO,0.4400419991691629,0.42762653812810103,117.04
APP,0.7513400625959781,0.7962189729449333,420.73
APTV,0.3601788744637492,0.3774029698215899,76.86
AR,0.45772985274539,0.440740617870241,34.32
ARCC,0.265001875810822,0.25769472000335547,19.45
ARE,0.4281134014437631,0.4216148722804251,54.0
ARES,0.5416734846756837,0.5018307404912947,119.24000000000001
ARGX,0.42597839380313013,0.4053358323291868,833.77
ARM,0.5620765352629197,0.5620765352629197,132.17000000000002
ARMK,0.2734065271756891,0.2654275685720628,40.71
ARW,0.35484692217440017,0.35484692217440017,154.89000000000001
ARWR,0.6799244410612791,0.8177629753382776,62.11
AS,0.47338305688077537,0.47338305688077537,37.39
ASND,0.4510430767235949,0.4422817901767931,229.7417755126953
ASTS,1.1754445798398503,1.1754445798398503,85.03
ASX,0.5373144711731455,0.5449918942647817,25.23
ATI,0.41933289525507694,0.4590438374795016,160.88
ATO,0.18299882874183263,0.20151241191385957,182.26
AU,0.6119021640584572,0.6119021640584572,128.03
AVAV,0.9139579592291959,0.7602056640916419,261.89
AVB,0.23445034949097882,0.2317833645727112,177.34
AVTR,0.500567952017275,0.5888840340836607,9.07
AVY,0.24754777098548544,0.25889566518560503,192.95000000000002
AWK,0.21873077556570297,0.21873077556570297,133.22
AXON,0.5751377751916463,0.5930308098926345,520.02
AXTA,0.370702317117484,0.370702317117484,33.76
AXTI,1.5282714011760952,1.5640031861026715,40.315000000000005
AYI,0.33494208624442007,0.3543392786322202,307.39
AZO,0.34861123924003035,0.34861123924003035,3671.31
B,0.5176357086705565,0.48742891513966247,50.370000000000005
BA,0.3263140315490194,0.342594445558766,230.8
BAC,0.27987489565327084,0.28038403705124665,51.51
BALL,0.2505387571558308,0.2818502001658159,65.94
BAM,0.3522486092574078,0.3546791809440226,49.730000000000004
BAP,0.2896051965736772,0.3074974313877096,360.54
BAX,0.4086700907333659,0.4086700907333659,20.66
BBIO,0.5490151622505461,0.6103619913933644,63.75
BBWI,0.6830218932802632,0.5721058927808467,22.85
BCS,0.35361307323084723,0.35808507071303625,25.69
BDX,0.2637166947609937,0.28856459178780325,180.78
BE,1.2399813729959481,1.2399813729959481,176.9
BEN,0.2805770515349465,0.28882142981177034,27.26
BG,0.3373787363899975,0.3227840075229954,120.84
BIIB,0.34017451546176936,0.3707690318130812,190.38
BILL,0.738689451991285,0.6230045342511221,42.980000000000004
BIRK,0.4382869466552911,0.44664535899848923,39.95
BJ,0.4506757416955702,0.4506757416955702,97.64
BK,0.2838715130848066,0.2875663282011372,119.56
BKD,0.41649029783292085,0.5583132074662218,15.13
BKR,0.3620836597541145,0.3557221210273001,64.78
BLD,0.4690229073654678,0.42562230809532864,484.79
BLDR,0.5073020997119614,0.5051071141923351,102.93
BLK,0.2964292828033249,0.28532699447257004,1089.02
BMO,0.21302375955145542,0.21335927863366314,148.0
BMRN,0.4297429839658019,0.38869497626787186,61.86
BMY,0.2593292204188308,0.2593292204188308,61.10363006591797
BN,0.3096972791479701,0.3218375216233035,45.57
BNS,0.18977861881331487,0.2001382087965048,75.73
BOOT,0.44111540426011375,0.4922965569398169,198.8
BP,0.30781339249129064,0.28106649726538335,38.27
BR,0.32570969779140485,0.323940130299469,177.43
BRBR,0.590723534600784,0.6335259793708861,18.07
BRKR,0.5045286539307832,0.46088722969572776,40.01
BRO,0.3279780402404817,0.3252631705431725,70.18399810791016
BROS,0.5452545510507582,0.5475077526998418,50.92
BSX,0.29477317050006535,0.33563016397817724,74.55
BTI,0.23023440350010757,0.23699737715298605,62.92
BTU,0.6055809664650901,0.5879758095549759,32.86
BUD,0.21769173853406892,0.2522639833118926,78.61
BURL,0.5078962218037226,0.5078962218037226,308.03000000000003
BWA,0.3328600285219322,0.3328600285219322,59.25
BX,0.4569057594697853,0.43220394506689996,118.39
BXP,0.33636362616155796,0.32871025378957835,60.4
CACI,0.3873841162109982,0.3873841162109982,584.29
CAG,0.2711280587443903,0.28254865432105647,18.42
CARR,0.3484378749255995,0.35509398193582936,61.11
CART,0.4855496984229325,0.4784125082051524,36.2
CASY,0.36987720691584347,0.30052715626404664,677.35
CAVA,0.5386928182934942,0.5386928182934942,84.36
CB,0.18983680687392632,0.19584403843139725,336.58
CBOE,0.23458219262747665,0.2384838035667732,290.35
CBRE,0.3546499201981108,0.36982513380679966,146.23
CCEP,0.20598488883930863,0.20598488883930863,107.69
CCI,0.288603734338334,0.29261053569150475,87.39
CCJ,0.5914420862355237,0.5914420862355237,121.92
CCK,0.24568964803867302,0.2674656621410445,114.36
CCL,0.5217257223660096,0.5217257223660096,31.52
CDE,0.8380723440755671,0.8380723440755671,24.9863
CDNS,0.426787633084372,0.42998110019390884,298.38
CDW,0.4207934101821351,0.3915552996362261,122.2
CEG,0.49852865595832807,0.4951024304793549,324.04
CELH,0.7281006783788896,0.7281006783788896,50.04
CENX,0.7576593959550797,0.7576593959550797,53.52
CF,0.35938400245341195,0.3610558275145899,95.49
CFG,0.3043194202216749,0.31288350476080035,63.02
CG,0.4681671089734743,0.4681671089734743,51.89
CGNX,0.4296956036562335,0.4957253902899274,57.4
CHD,0.23275743520191008,0.2587013419568359,102.83
CHKP,0.34781838188378467,0.3475196170186843,153.03
CHRW,0.39571825001073935,0.42158049936657305,175.4
CHTR,0.4104969923792161,0.4708182821377476,229.08
CHWY,0.5783589526921438,0.5783589526921438,26.560000000000002
CI,0.29741611449859845,0.3123055781638846,284.81
CIEN,1.0746025800332415,1.0746025800332415,363.96
CIFR,1.0500966747147589,1.0441245625940716,16.43
CINF,0.20616846032033528,0.21802343852639594,164.03
CLF,0.6563367048428133,0.6563367048428133,10.82
CLH,0.25290966767987805,0.2741251818725077,287.42
CLX,0.24686915289639835,0.2728096785817629,125.52
CMCSA,0.27218966413196244,0.27218966413196244,31.16
CME,0.21752423938329135,0.23546944893321134,319.21
CMG,0.3482862531432642,0.38658954116581734,37.26
CMI,0.3290780954309576,0.343714709751873,598.17
CNC,0.46669337283373535,0.46669337283373535,43.15
CNH,0.35036248363518446,0.3696837187953173,12.35
CNI,0.22636246385451525,0.22636246385451525,108.98
CNM,0.484201065756182,0.4399899665846994,54.38
CNP,0.19604420035172695,0.19658552170191174,43.300000000000004
COF,0.38192329615207404,0.36753604327612627,203.3
COIN,0.712839678173298,0.6935857713462101,180.57
COMP,0.7226607390364961,0.7187186138354658,9.475
COO,0.3716653269029818,0.3716653269029818,83.49
COP,0.3332007860121919,0.31414259685501067,109.67
COR,0.2604178745431675,0.2724676016114166,363.89
CORZ,1.0127199888275953,1.0127199888275953,18.150000000000002
COST,0.265288207595339,0.265288207595339,993.57
CP,0.22917464963863785,0.22917464963863785,85.52
CPAY,0.36055512396924305,0.34795627990338823,332.2
CPB,0.3447261439159407,0.3315296755809372,26.19
CPNG,0.5968004399619102,0.5456016846776337,18.3
CPRT,0.3271929530805425,0.32727087792805026,35.72
CR,0.3101410716294736,0.3002647697239164,204.63
CRBG,0.37338781280933814,0.35845134811406365,27.46
CRDO,1.008864603567119,1.008864603567119,120.36
CRH,0.32106872714204165,0.32106872714204165,121.01
CRL,0.4580247964924047,0.4520089390151553,168.79
CRM,0.5620237490622408,0.5620237490622408,189.44
CROX,0.3842625358594672,0.46582193647275855,94.03
CRSP,0.5521213461611953,0.5521213461611953,55.230000000000004
CRUS,0.3714122254134775,0.41237123118186225,143.63
CRWD,0.6292225200196802,0.5385023458181384,358.87
CSCO,0.24410351526025814,0.27596711242649596,78.51
CSGP,0.5244444518173572,0.4888495931586046,43.58
CSL,0.33782087257568927,0.35622952666280516,389.18
CSX,0.26035814455882855,0.25952093391433867,42.34
CTAS,0.2743062101817274,0.25898326965366936,196.78
CTRA,0.3195297146221005,0.3195297146221005,30.060000000000002
CTSH,0.46187774679889537,0.41284416457818507,61.1
CTVA,0.23554773799601958,0.24549564780399707,78.01
CVCO,0.47250652093539264,0.42818382917235376,578.5500000000001
CVE,0.38899658293600764,0.3765330348315592,21.985
CVLT,0.48298273443304696,0.45785557072543825,86.55
CVNA,0.7051008809063931,0.7450832084615426,328.49
CVS,0.3185051010454501,0.3185051010454501,75.95
CVX,0.2751235969671353,0.2751235969671353,183.52
CW,0.37379987674053305,0.3634264707136724,700.5600000000001
CYTK,0.7201701166052032,0.9236509453871837,62.36
CZR,0.5459135703047813,0.5698540176945959,20.72
D,0.21005979627807245,0.21404619971393948,63.24
DAL,0.45479239112151537,0.4353076086394273,68.95539093017578
DASH,0.5035258555661533,0.5035258555661533,173.21
DBX,0.3343999193166619,0.3343999193166619,24.39
DD,0.3279165549103721,0.32789263951129266,50.49
DDOG,0.6227755337488932,0.6095900536727062,108.91
DE,0.2979943528549397,0.3077772208348339,627.99
DECK,0.38437802089767,0.4464355654344065,119.29
DELL,0.6216055166383446,0.5190967077355384,123.77
DEO,0.32132174870432295,0.32132174870432295,86.77
DGX,0.22147649287565027,0.22147649287565027,207.12
DHI,0.36253715658783736,0.36253715658783736,156.1
DHR,0.2908546154554037,0.29063038399854535,210.41
DINO,0.39464411270325805,0.3828482291401124,49.63
DIS,0.27060329695355206,0.2983005389330325,105.02999877929688
DKNG,0.5674253276210267,0.598052123722976,22.6
DKS,0.5582504065694157,0.4742898889720867,212.23000000000002
DLTR,0.5249827922616761,0.4431464196227849,129.07
DOC,0.22891859564593425,0.24646981579784794,17.37
DOCN,0.7124849688352971,0.6870546994406479,60.910000000000004
DOCS,0.5912582367675694,0.7328882606480962,24.63
DOCU,0.8039675992476524,0.6222718725330241,43.25
DOV,0.256828851163056,0.24343698300747385,227.68
DOW,0.44484928453559197,0.44484928453559197,29.82
DOX,0.31104235301674643,0.3060653394228845,66.65
DPZ,0.27999253437268895,0.30555893392825395,402.86
DRI,0.35588923435938324,0.2882264391288539,212.54
DT,0.4426233399181128,0.4426233399181128,34.96
DTE,0.20787293768536688,0.20004273657459717,145.85
DTM,0.22160343636990895,0.2138264992142026,137.52
DUOL,1.0077529870012847,0.9067657850837426,111.11
DVA,0.35475123705978523,0.36780156668173575,148.78
DXCM,0.40436664395393096,0.40436664395393096,72.97
DY,0.5931264242865204,0.5163853970220058,429.08
EA,0.155532224708193,0.1170598074761069,201.34
EAT,0.5360553720847677,0.49463070836848666,141.98
EBAY,0.35860277718323413,0.37522910620462735,83.8
ECL,0.21455619425085454,0.21378093516431967,304.79
ED,0.20199546372449131,0.19881498439825968,111.18
EFX,0.3649380252359813,0.36196965098053213,195.72
EG,0.2546701479888016,0.25569947525274855,335.8
EGO,0.536220696426682,0.558388161727253,44.6
EHC,0.3082131051252703,0.29455517127654085,106.31
EIX,0.2630827401186292,0.271356484239775,75.2
ELAN,0.40136658176353296,0.44823235428687497,26.85
ELF,0.5504108540661867,0.6653004595200747,93.75
ELV,0.34766727438347217,0.3726195804540954,330.63
EME,0.5248052080114253,0.42499327217751093,809.08
EMN,0.39038706849696314,0.3866555231581276,75.84
EMR,0.2787354066861101,0.2787354066861101,149.0229949951172
ENPH,0.6437850729992675,0.6709154409502247,49.160000000000004
ENS,0.4412748520506725,0.4452199383216641,170.17000000000002
EOG,0.3464999902782304,0.3317271335217805,121.83
EQH,0.3907994077709913,0.36314500339226063,41.300000000000004
EQIX,0.271230052587755,0.2696412638375485,960.4200000000001
EQNR,0.3189477759065612,0.3037267097761839,29.150000000000002
EQR,0.19801820484300506,0.19836025821820166,63.0
EQT,0.3813070248440703,0.3739137233254719,59.06
EQX,0.6373970139824634,0.6311030921068421,18.36
ERIC,0.3073440908272901,0.3513021625181273,11.19
ES,0.21195241593009273,0.23087342490727936,74.87
ESTC,0.9577965630536205,0.6518039875975532,58.19
ETN,0.341405857062159,0.3194823521175993,375.42
ETR,0.22355726196087267,0.2377641323330606,106.23
EVR,0.4297225406869143,0.41739837450716655,318.70172119140625
EVRG,0.18362941766777519,0.19342909355304144,82.74
EW,0.2687069584166181,0.3068287541291735,83.9
EXE,0.372231669488435,0.3646249356008041,105.60000000000001
EXEL,0.31499434652914016,0.40026650947006776,44.865
EXK,1.044998776316498,0.9952880303372027,13.555000000000001
EXP,0.3182640790722151,0.31284169766594633,223.55
EXPD,0.3373933335050698,0.3274917300990412,141.03
EXPE,0.4669307569020615,0.48235262911754817,201.24
EXR,0.23592574207276995,0.241013291141975,146.89000000000001
F,0.29783592943899334,0.330173414210977,14.47
FANG,0.3830628601424222,0.3550870714400561,165.66
FAST,0.2886579039224999,0.28891857710527946,44.83
FBIN,0.45887390913703896,0.47040168311216424,53.77
FCNCA,0.3103187231085307,0.32346439694855794,2007.57
FDS,0.606137312288536,0.5480773543659805,203.86
FDX,0.3931909991806769,0.34113555749095564,385.01
FERG,0.3037928143007865,0.31453714442022873,259.44
FFIV,0.33697019439809495,0.4115861293160958,275.33
FHN,0.3150022110462082,0.3129065517331594,24.490000000000002
FICO,0.49905573772104794,0.49905573772104794,1294.4
FIS,0.3777359086504796,0.3777359086504796,48.53
FITB,0.3291393204589088,0.2968246049020417,51.25
FIVE,0.5204015846307504,0.459506154795314,222.17000000000002
FIX,0.601625141844183,0.6350068856639635,1462.52
FLEX,0.5057270569132927,0.49777737032568364,66.33
FLS,0.33450953659365007,0.3685448559425092,91.92
FLUT,0.6884120099647811,0.6009932827197682,120.13
FN,0.6219289215380153,0.6273697344665632,630.72
FNB,0.4357787951075792,0.41151643328251464,17.82
FND,0.5175397383478947,0.49373716609935747,68.62
FNV,0.4436347737602928,0.4035578362684648,276.37
FORM,0.6915749751859142,0.6707273805333709,106.45
FOX,0.36017603959540656,0.36017603959540656,49.550000000000004
FROG,0.73880010057199,0.6756788144203846,39.53
FSLR,0.5566145053147991,0.5741429602537682,211.91
FTAI,0.6703639123631848,0.6185037432543176,302.40000000000003
FTI,0.3818976689557951,0.3907835871106228,66.01
FTNT,0.3916050219795354,0.3916050219795354,76.76
FTV,0.40364552761874956,0.33411317161355547,58.480000000000004
FUTU,0.5513647925753542,0.5513647925753542,150.24
FWONK,0.3719574990635941,0.33392393663689357,89.06
G,0.3022612569723474,0.3737204855956137,37.9
GAP,0.7190486758830078,0.5525039089418896,27.560000000000002
GDDY,0.475979969910123,0.47753343634903866,78.94
GDS,0.6669474299908649,0.6790807520700398,44.94
GE,0.33007033241549955,0.3361954194177749,342.0
GEV,0.49928851002433805,0.49928851002433805,888.15
GFI,0.6082526275074243,0.5973998057916198,58.955000000000005
GFS,0.454993861127308,0.5029369250506477,48.48551940917969
GGG,0.23323092953440952,0.23323092953440952,92.21000000000001
GH,0.5527991392141767,0.5527991392141767,95.9
GILD,0.2525252837271094,0.30206784091040767,148.28
GKOS,0.48848316587899343,0.4757644973912998,121.21000000000001
GLPI,0.19849156078851304,0.19849156078851304,48.0
GLW,0.7216680635060153,0.7216680635060153,160.23
GM,0.32793970072381534,0.34360500873397676,82.87
GME,0.45804317217576246,0.45804317217576246,23.95
GMED,0.3035509532928493,0.39106598542075555,96.16
GNRC,0.49304470778417797,0.49304470778417797,236.73000000000002
GOOG,0.314035338465923,0.3517479542328791,310.78802490234375
GOOGL,0.3209718559049119,0.35418805196441117,310.7
GPC,0.27437174421171395,0.2942758137462996,116.24000000000001
GPK,0.46189708836742305,0.46900814135045504,12.02
GPN,0.3737841131146968,0.41046836802941383,77.13
GRMN,0.2590452226763561,0.327329359026846,249.63
GS,0.33391747119481374,0.33609129131270815,915.28
GTLB,0.8213523853323891,0.688327590969486,25.64
GWRE,0.7849276783972107,0.6776805772751335,133.32
GWW,0.2378631262657912,0.23426259553261883,1123.05
H,0.3667254404794113,0.3555176573736001,167.9
HAL,0.4214837946266359,0.4214837946266359,34.99
HALO,0.31790540086967534,0.37900155854546014,69.82000000000001
HAS,0.28294301028185187,0.3154419857255284,99.06
HBAN,0.3251239049820805,0.3251239049820805,17.3
HBM,0.5652992902970654,0.6086405679302996,28.155
HCA,0.2665185361939739,0.27315419752544556,537.05
HD,0.24281764546117152,0.25441690043820536,374.11
HDB,0.23700512521394018,0.239199980851424,32.160000000000004
HEI,0.3930966188022249,0.31247908354352916,343.3
HIG,0.2005859820213357,0.21409276750328723,140.53
HII,0.397917312270779,0.3902315626718218,435.05
HIMS,0.9506320288951916,1.005830493122605,15.96
HL,0.8655755157380907,0.8388754083451674,24.065900000000003
HLI,0.30174311959628924,0.30611160299006257,165.38
HMY,0.6326888473542178,0.5922487677513107,21.720000000000002
HON,0.22863048689629237,0.25125429246054376,243.68
HOOD,0.6679624850415662,0.6838926282545087,76.95
HPQ,0.4551291027749085,0.4531581372688598,18.39
HRB,0.43376864445033847,0.4603295198953793,30.54
HRL,0.3343328748643984,0.3002394647133627,25.13
HSBC,0.23470911872784228,0.2575749638487789,94.55
HSY,0.2641822038127274,0.27411634517707706,226.79
HUBB,0.29381150215437724,0.2856110140875579,527.34
HUBS,0.6907635792835424,0.6857252726239943,238.69
HUM,0.4417326261920388,0.5196650448926332,176.49
HUT,1.0606138069910456,1.0606138069910456,56.26
HXL,0.3130699638967987,0.30509915123157577,92.96000000000001
IAG,0.6276034610064575,0.6507404752822459,23.19
IBM,0.4038456573763849,0.4038456573763849,238.0457000732422
IBN,0.2183500389026103,0.23891277127379468,30.93
ICE,0.2543948377206517,0.2673369474461754,158.43630981445312
ICLR,0.6234615287512908,0.5964087203536557,101.38
IDCC,0.5044152132396453,0.5407063006773116,378.05
IDXX,0.3032542788222376,0.3447398241241356,661.76
IEX,0.25783070130151764,0.2639887910223775,206.88
IFF,0.2828871470131408,0.2828871470131408,79.31
ILMN,0.47034505740436083,0.434642788181731,122.68
INCY,0.34667384313793687,0.38396319303889975,99.32000000000001
INFY,0.48496649105582,0.5354571427003146,14.1
INSM,0.4188661240900757,0.4803584836189946,151.02
INSP,0.5541425833924347,0.6289583685393848,59.57
INTC,0.6219339018825379,0.6122682829007285,46.09
INTU,0.6207251603189516,0.5404387331435003,367.68
INVH,0.27923550601776714,0.2845393566248613,25.5
IONQ,1.0285773565613432,1.0285773565613432,33.78
IOT,0.8648865499479452,0.6979449360297448,27.43
IP,0.3641822246185345,0.37771517489379947,41.910000000000004
IQV,0.3929294615382009,0.3875651261493441,164.20000000000002
IR,0.3014076485400219,0.3085262013239798,94.03
IREN,1.0401443608651844,1.0401443608651844,45.6135
IRM,0.36276795111733906,0.36276795111733906,111.4
IRTC,0.466925904472016,0.45588283527602186,136.6
IT,0.562399204234055,0.5711430365972461,148.5
ITT,0.26588518705249886,0.28409266449425724,207.65
ITW,0.21624296461312204,0.2262961002634369,291.6
IVZ,0.39775746355774844,0.3827442671724908,26.75
J,0.3069711926839733,0.2929898731909636,133.82
JAZZ,0.32773557222792793,0.3297874991481683,195.26
JBHT,0.3628303441945523,0.3993838790038168,217.81
JCI,0.29106167228723523,0.2886362338497801,144.9696044921875
JD,0.4066635828953592,0.4066635828953592,27.5
JEF,0.4622280265069797,0.47065796481975775,50.69
JHX,0.3705825858711101,0.4068718822669295,24.69
JKHY,0.31996227499824814,0.31996227499824814,156.34
JLL,0.4104479158282594,0.3727430247607359,313.39
JNJ,0.21196114206706765,0.21703176621856082,245.14930725097656
JPM,0.2814783559518163,0.2814783559518163,301.68
KDP,0.25209057114439365,0.24645398581986622,30.59
KEY,0.3257723322721532,0.31432253445855285,21.34
KEYS,0.3431605840638864,0.3980411146507776,306.5
KHC,0.28304937005311215,0.28304937005311215,24.36
KIM,0.23285985592663477,0.22713814672867988,23.23
KLAC,0.5186367810705697,0.5008834028219826,1552.3400000000001
KMB,0.24671962302321448,0.24957729715936933,109.34
KMX,0.5180323663668724,0.5180323663668724,42.36
KNX,0.3779896080362846,0.3891529593414455,58.9
KO,0.18304816627538478,0.18304816627538478,80.44
LAD,0.3635012659425175,0.39163982139625475,279.41
LBRT,0.6199566755439894,0.6217106986957769,28.23
LDOS,0.2938558009611403,0.3217221453217115,170.35
LECO,0.29398000590489604,0.29925879239975955,285.34000000000003
LEN,0.43954198046858406,0.40490152021355696,109.72
LH,0.23593875844622786,0.249579453079979,282.12
LHX,0.31215406923363864,0.3020904608552585,344.31
LII,0.35331524244488244,0.3688123518089404,539.38
LIN,0.21979696921906172,0.23785239828372917,506.12
LITE,1.1438377531736768,1.1106641408935474,743.5
LLY,0.35721812906832295,0.37832612050335096,1038.08
LMND,0.7902331104738969,0.7902331104738969,51.54
LMT,0.3256059014710696,0.3126855898260843,649.45
LNT,0.2066154811513482,0.22378151184010397,71.58
LPLA,0.4186860045769643,0.43091309533628297,316.3
LPX,0.4220859829755332,0.4250036316951435,82.44
LRCX,0.6266401286248571,0.611912898614437,248.8
LRN,0.4595067475912926,0.5787281675322717,83.96000000000001
LSCC,0.5102903093513426,0.5102903093513426,101.03
LSTR,0.409728118099424,0.38892585721734424,144.47
LULU,0.5999092079442402,0.5999092079442402,180.96
LUNR,1.3111998690853541,1.1658785239333587,16.37
LUV,0.4598852558420007,0.45882012553681106,49.83
LVS,0.3911899496472605,0.39535171021729076,54.06
LW,0.32060279278807646,0.32060279278807646,46.61
LYB,0.4409050260827184,0.43908314758142286,56.480000000000004
LYFT,0.5109517951233477,0.5109517951233477,13.38
LYV,0.3725174080409036,0.3406725486422528,157.03
M,0.5865121088160192,0.5041400518706,20.36600112915039
MA,0.2655192702968152,0.2663556986532042,506.99
MAA,0.18412462559597767,0.22636423696143348,133.83
MANH,0.46860770916622685,0.46198265908587316,135.35
MAR,0.27444130161406133,0.29144307442277034,345.19
MAS,0.33234884988298125,0.3299555665067244,71.63
MASI,0.07138143950278147,0.07138143950278147,175.35
MAT,0.3649396029193948,0.39699393734795274,16.8
MCHP,0.4805019581597477,0.4805019581597477,75.61
MCK,0.2578669705091332,0.28810430024799927,959.1
MDB,0.9452819165443216,0.7016149114299205,312.6
MDGL,0.48121598634822954,0.6094262769467421,436.26
MDLZ,0.22638003924415484,0.22638003924415484,60.1
MEDP,0.3884508961254738,0.4416774095548999,438.82
MELI,0.40299046928243554,0.4311205801005896,1735.18
MET,0.2769422934914529,0.2857872126449162,74.64
META,0.3144294428688207,0.36852574945612854,650.2000122070312
MGM,0.4212357305864146,0.4212357305864146,35.26
MHK,0.36792894441697255,0.3894004603503206,123.54400634765625
MKC,0.23556425558264227,0.23556425558264227,68.66
MKSI,0.6378157182389759,0.6239925018051251,257.0151062011719
MLI,0.3038541055753512,0.30185983256130827,119.0
MLM,0.2640169820233393,0.26407326263069014,677.4155883789062
MMYT,0.6083055436650328,0.5334964652747068,57.08
MNDY,0.7571497055734202,0.7894304018843382,73.55
MNST,0.36066449605839956,0.3174013803965986,85.64
MO,0.1969154668959797,0.217414854617021,69.23
MOS,0.41741342058469505,0.4353088171314079,27.29
MP,0.7511111799407486,0.6772769957433205,59.39
MPWR,0.5026955987307917,0.5026955987307917,1224.81
MRK,0.266085262974378,0.266085262974378,123.16
MRNA,0.8135336474919372,0.8135336474919372,52.32
MRVL,0.7050572708896377,0.7050572708896377,80.19
MS,0.33989638737977496,0.3333973803467505,173.34
MSI,0.1992184548760626,0.24488842222227433,469.25
MSTR,0.7845915865217328,0.8251549155987374,134.3
MTB,0.27995376652914183,0.27121958404483276,222.06
MTCH,0.384260104930942,0.384260104930942,31.3
MTD,0.288010331376466,0.29408679212196964,1386.66
MTN,0.5092433014377373,0.40700944194340855,138.56
MTZ,0.6130014452169084,0.5050528969517818,288.56
MU,0.7964165451395822,0.7197343471653019,427.4047546386719
MUSA,0.3727326882789259,0.3708516131737544,383.53000000000003
NBIS,0.9579841987620827,0.9181105318523984,105.35000000000001
NBIX,0.2974388428760515,0.3925113841102648,131.99
NCLH,0.6299287442692203,0.6299287442692203,23.87
NDAQ,0.29273536319526716,0.2884415075775478,84.05
NDSN,0.2184138480489356,0.2451169841108189,291.24
NEE,0.2597338255732775,0.2597338255732775,95.54
NEM,0.5273383047486631,0.4983429141568469,126.78
NET,0.5994844689006207,0.5994844689006207,169.27
NEU,0.3042233867701526,0.2970699607457681,615.92
NFLX,0.4124293669909526,0.4124293669909526,82.26
NI,0.23111772984045664,0.23130379787004218,46.58
NICE,0.4370537803754143,0.4934045067736799,110.95
NKE,0.46419798642045657,0.3776184465522228,63.620000000000005
NLY,0.19694471634419602,0.19694471634419602,22.830000000000002
NOC,0.3370300314485672,0.31279252253648804,710.92
NOV,0.3869642417585708,0.43575073955189986,20.17
NOW,0.5184151575568687,0.530077927255545,103.46000000000001
NRG,0.4359407978531359,0.4483069283816625,182.94
NSC,0.2084004541848243,0.22317509017708437,311.27
NTAP,0.48867372722534663,0.4036520369241568,101.91
NTES,0.3859985215443594,0.40010870355875056,115.31
NTNX,0.7854546787775991,0.6071976065804227,37.82
NTR,0.32238695873848805,0.3300104741867973,71.99
NTRA,0.5943368024622603,0.5071899202274364,213.05
NU,0.4988678927813469,0.4318672929966969,16.75
NUE,0.34912607431709114,0.36938198372739395,176.10684204101562
NVMI,0.576497247759876,0.5922699550223666,462.23
NVO,0.4561317722591632,0.4561317722591632,37.910000000000004
NXE,0.7776824336985773,0.7697884794255887,12.84
NXPI,0.416508536199241,0.41364264114374016,234.11
NXT,0.661937271834328,0.6389859413069588,118.3
NYT,0.26310309581425034,0.27693047696354595,77.25
O,0.18771307321273098,0.1915146156790384,65.86
OC,0.37497634448025485,0.383440147751071,123.39
ODFL,0.37617705759654674,0.40155298924394445,189.67000000000002
OHI,0.20660888601693786,0.22108930511738056,47.42
OKE,0.29538051864626236,0.28788131989358506,81.39
OKLO,0.976883573984614,0.976883573984614,67.06
OKTA,0.6900420397387605,0.5559420836609134,72.15
OLED,0.4234987245533449,0.40790179655536263,106.14179229736328
OLLI,0.5062884152656699,0.4200071787228778,106.78
OMF,0.35650449086124186,0.36467872889724035,56.23337936401367
ONDS,1.234896441689409,1.1579132876845692,10.805
ONON,0.6386013203971634,0.5296740588744014,46.660000000000004
ONTO,0.5736905267425374,0.6053504063360202,224.88
ORLY,0.28361612452730356,0.2913430440210552,91.81
OSCR,0.668360000818552,0.7336343406703622,12.92
OSK,0.3400850382766083,0.3531292967674747,173.55
OTIS,0.2033313403937593,0.2216973617379371,89.75
OVV,0.40032690006618266,0.4000492816509141,49.13
OWL,0.6721948496367417,0.6721948496367417,11.13
OXY,0.36910529505690304,0.36910529505690304,50.76
PAAS,0.6293749298318793,0.6113497247999817,65.49
PATH,0.9580493710439822,0.782473669953559,9.86
PAYC,0.473456404269217,0.44833538712510734,123.03
PAYX,0.37596295271858426,0.36769811529743196,90.12
PB,0.3073017256681473,0.30081091099101004,71.31
PBF,0.6661764121855175,0.6671558151248095,34.847900390625
PBR,0.3725350975259443,0.3363063564713088,16.66
PCAR,0.274540108010476,0.30089433570854923,124.65
PCG,0.28728786055773164,0.28728786055773164,18.62
PCOR,0.4849928710286844,0.5073724095191688,52.620000000000005
PCTY,0.46408919574769814,0.4936679816209171,104.01
PEG,0.272747540077949,0.26149675112381326,86.33
PEGA,0.5314825605153783,0.5656866699356915,42.933433532714844
PEN,0.19744380933574043,0.13635321249256804,339.3443908691406
PFE,0.24686245894873482,0.24686245894873482,27.0
PFG,0.23050015310918498,0.25034675770720477,94.51
PFGC,0.2781583819830405,0.28086439148402853,94.60000000000001
PFSI,0.3459862802133072,0.3829636373660834,92.33
PG,0.19968455782945832,0.19724734920640563,163.67000000000002
PGR,0.3006980527876746,0.29998550044918243,203.43
PH,0.2618196301735615,0.28052431292721447,1012.9200000000001
PHM,0.36056245478746785,0.35177390800504854,135.02
PI,0.7215734270407461,0.7001455834670193,125.44
PINS,0.5305316617651507,0.6009388860441554,17.3
PKG,0.29535221969369313,0.28513719225767753,226.70000000000002
PL,1.2813935116264923,1.2813935116264923,25.3
PLD,0.2525487388160311,0.2625420127111272,140.03
PLNT,0.34088245354572044,0.3849595184625788,79.99
PLTR,0.5458832042606865,0.5840149421300824,135.49
PM,0.2363545081712481,0.26087847630305827,188.85
PNC,0.2787726054986861,0.2773099825507938,221.78
PNFP,0.3605120902383024,0.34524980462663496,95.63118743896484
PNR,0.27186410505070646,0.2934968330343036,101.46000000000001
PNW,0.21887841192845167,0.20931231159406252,99.84
PODD,0.3639500363813759,0.4133468247033173,247.62501525878906
POOL,0.3241356107010581,0.3241356107010581,213.49
POST,0.2426326803294367,0.26152635080889786,104.25
POWL,0.6959760092975695,0.7571579049555028,547.25
PPG,0.24306662422781386,0.26263726191868914,123.42
PPL,0.1974907045844712,0.18622412071678707,38.19
PR,0.454308841754999,0.4286993947394211,17.59
PRAX,0.6438668836317835,0.7217610980421196,349.96
PRMB,0.5765306616999388,0.4854493591189914,19.330000000000002
PRU,0.2743266098125086,0.2732531499625143,100.4
PSA,0.2141887623899334,0.2141887623899334,299.48
PSX,0.3496687771620425,0.3496687771620425,150.76
PTC,0.32321539034431995,0.34091031869593713,153.99
PWR,0.40015395877363086,0.40749152440996805,570.21
PYPL,0.47017064984215984,0.47017064984215984,46.69
QBTS,1.0476447331642602,1.0014101024321462,19.525000000000002
QCOM,0.3288015314085544,0.3650158294849011,144.37
QGEN,0.5364624761120378,0.5364624761120378,48.44
QRVO,0.35744179297572,0.39479105050838237,82.36
QSR,0.2279381045670329,0.23593153700296388,67.62
QXO,0.6073088606112018,0.5687815128114497,24.560000000000002
RACE,0.3149225560818828,0.3149225560818828,375.53000000000003
RBA,0.41921871179577663,0.41921871179577663,99.36
RBC,0.27071554219237537,0.2942206550408214,565.8100000000001
RBRK,0.9338517858163882,0.7818856737292799,51.52
RCAT,1.245233842161837,1.1485641593994291,12.89
RDDT,0.7093609966536607,0.7621516120141771,146.42000000000002
REG,0.1534957175631227,0.1534957175631227,77.88
REGN,0.3854363133276656,0.38394393282205574,789.6871337890625
RELX,0.3509446043736854,0.35680981856683447,32.83
RF,0.29155909025088866,0.2812986643188656,28.89
RGEN,0.449833448478109,0.4544163534549534,132.11
RGLD,0.4832965496558248,0.46011302071619575,290.02
RGTI,1.0348726301721656,1.0348726301721656,17.41
RH,0.7262125494203886,0.6956030582156241,182.21
RHI,0.5282530322041061,0.5446031786189142,23.64
RIO,0.3240049702118042,0.3240049702118042,101.14
RITM,0.2444032860793404,0.2529076406292079,10.19
RIVN,0.6218977115239845,0.6618482701013991,15.47
RJF,0.302738490156978,0.3140088541553613,159.47
RKLB,0.9494591689027259,0.8882175531859058,71.3
RKT,0.721320719189379,0.721320719189379,17.23
RL,0.3273574419381383,0.32660257222596045,377.38
RMBS,0.6956598687205644,0.7583682239332681,100.24000000000001
RMD,0.2851023139331817,0.3004365585069261,251.78
RNR,0.24514100364569674,0.2624304158333295,297.31
ROIV,0.3968093133513409,0.5483723613146626,28.51
ROKU,0.5226759560984893,0.5226759560984893,92.57000000000001
ROL,0.23653516213810477,0.2570272254041863,59.050000000000004
ROP,0.3549375769433344,0.3401577782483089,343.25
RPM,0.2831564415581765,0.2830458561883791,114.21000000000001
RPRX,0.2402134225592118,0.2402134225592118,45.253997802734375
RRC,0.4089581741258464,0.40278476098430416,38.805
RRX,0.42212125374084125,0.4597213876318555,222.09
RS,0.27301904453259906,0.28214182079717537,316.755126953125
RSG,0.19692920855271773,0.1989664203973316,219.21
RTX,0.30399216871100665,0.3088979869279417,196.4
RUN,0.9748126437609834,0.8398982732197513,19.57
RVMD,0.6909249143427487,0.7599153248243734,103.83
RVTY,0.4620450512118115,0.41628917349509503,97.12
RY,0.20484577651358704,0.20462358866865152,173.88
S,0.7610994831739886,0.7610994831739886,12.91
SAN,0.36113836859951914,0.3426424413219184,13.215
SANM,0.587562046233836,0.6029084900539218,163.13
SAP,0.35689239070378365,0.35689239070378365,197.01
SARO,0.38472949794701405,0.38472949794701405,31.34
SATS,0.6379172248079151,0.6379172248079151,107.4
SBAC,0.30937417403800493,0.29209661746349674,197.64000000000001
SCCO,0.5813173134870135,0.5813173134870135,219.36
SCHW,0.30190632640218257,0.2943453377018022,95.38
SCI,0.25304259584064737,0.2812518575948328,80.72
SE,0.7072252470666786,0.5886603415886135,103.38
SF,0.3563077766493746,0.3327102336471492,115.47
SFM,0.40997231074502755,0.47968593248603775,74.92
SGI,0.33902821185098786,0.36313296446334276,87.14
SHAK,0.6150886921016623,0.5406060728840227,91.37
SHW,0.226933005743516,0.2451123935485026,355.63
SIRI,0.32372685855142325,0.32372685855142325,20.91
SITE,0.3217943738861534,0.3670096344130738,140.61
SITM,0.744370100591524,0.7644653537652768,422.89
SJM,0.32064984756828924,0.28790943905986005,105.64
SLB,0.38827795908427926,0.36210851404251654,51.31
SM,0.6014683244552869,0.5677691440584005,21.955000000000002
SMCI,0.7073382703065341,0.7073382703065341,32.49
SMR,1.1606665996318757,1.1606665996318757,13.26
SMTC,0.8272412530924931,0.7289065762274317,93.73
SN,0.45270306723671017,0.46322571938871143,129.55
SNA,0.20439746759174454,0.22147162920547536,387.39
SNOW,0.7557488277722251,0.6179591851891186,167.34
SNPS,0.5905955787451868,0.5140282594959453,447.34000000000003
SNX,0.28660212036344135,0.3279972297993854,158.51
SNY,0.2592975675659987,0.2627314095549053,47.59
SO,0.21418386826643,0.21418386826643,95.22
SOFI,0.6223092358340339,0.651754258896319,19.32
SONY,0.3094590224759713,0.3094590224759713,21.41
SPG,0.20028143757755404,0.22666687564600074,200.43
SPOT,0.43868937962346066,0.47220693846054507,468.39
SQM,0.6325293691513763,0.5111265757708429,80.06
SRE,0.2618515417815706,0.24741721272944606,93.75
SSNC,0.3411093229148059,0.333532057057134,72.73
STE,0.19814487141399934,0.21848050069318467,249.94
STM,0.44490588415935606,0.46615744493361294,34.27
STRL,0.8300992897626273,0.6945487223837703,464.99
STT,0.31411740716755554,0.31738404917700147,130.85
STX,0.7261645881797882,0.7266887386381716,425.89
STZ,0.30936288757043917,0.3207720837847701,155.51
SU,0.3128217185692709,0.3026476244388691,55.52
SUI,0.24992645790356305,0.2530185500485165,132.41
SW,0.3690982604431794,0.39216678575405706,45.550000000000004
SWK,0.37670349304295797,0.37518454655812494,85.75
SWKS,0.44703670771533227,0.485364777857895,59.49
SYF,0.37119714438464213,0.360884016819492,72.83
SYK,0.22832696176037137,0.2377925807518196,384.08
SYM,0.7985477363959126,0.8261581392337182,56.84
SYY,0.19424221746696677,0.19408730726652143,88.79
TAP,0.28850732975859994,0.28027930455567424,47.18
TD,0.22665098815376003,0.21381066805481527,97.08
TDG,0.27188519486592855,0.28756028692633173,1280.17
TDY,0.2545425138756082,0.24888217559369305,679.04
TEAM,0.8690106694996451,0.8690106694996451,72.39
TECH,0.4530587568235892,0.4745533382308482,58.13
TECK,0.44076622944169674,0.4413203362420586,61.26
TEL,0.3444690759567563,0.35423909429528333,241.03
TEM,0.7277222459447794,0.7277222459447794,53.54
TER,0.6225569470022614,0.6602913800284528,341.3
TEVA,0.35538144447656883,0.39848651396151835,33.94
TEX,0.4256722270925106,0.44988239197135954,68.71000000000001
TFC,0.29374847490277733,0.30286652934331304,50.45
TFX,0.4617885809248766,0.40380293002222456,111.55
TGT,0.48465112884490064,0.3805087326667799,115.89
TJX,0.22874573563159376,0.22874573563159376,157.78
TKO,0.40592704287139636,0.3532009275505509,205.38
TLN,0.5906846407805583,0.5906846407805583,384.78000000000003
TMDX,0.6023875744984517,0.6362156737116829,133.91
TME,0.48293589799532266,0.47114097776680464,14.725000000000001
TMO,0.29871486650490786,0.30266180696061984,514.99
TMUS,0.27243083100214605,0.29572675807511134,219.34
TPG,0.5045946129535454,0.5074439187145507,44.26
TPL,0.5494000093842433,0.523241483079194,508.05
TPR,0.4101765209886495,0.4099500279238416,155.62
TRGP,0.32076101610257113,0.3112388843209385,228.18
TRI,0.46002237349431807,0.45140412821858655,99.71000000000001
TRMB,0.3697560426535729,0.358860653968171,67.48
TROW,0.27423832408373605,0.2832418990526898,95.31
TRP,0.22468967876015644,0.226622949621176,63.18
TRU,0.4306881130402614,0.4383735277373324,73.56
TRV,0.22423997469270068,0.22102979749382337,306.11
TSEM,0.6752945903149083,0.6594334470379387,127.28
TSLA,0.4128204600592905,0.4793901066495424,414.25
TSM,0.4576787734960578,0.4685642559929417,385.95
TSN,0.2262142133599104,0.2618544664198756,61.910000000000004
TT,0.2649714012524425,0.2872717370273908,459.1
TTAN,0.7809703758894724,0.6982596210877743,65.94
TTD,0.8866737167356564,0.8866737167356564,25.25
TTE,0.2514476088849166,0.2390600043866073,79.58
TTEK,0.3433252906302421,0.3708132460866625,33.25
TTWO,0.3988300377832409,0.3988300377832409,206.36
TW,0.3111201105706543,0.30787941736262636,120.73
TXN,0.347751432855774,0.35413961068753674,213.39000000000001
TXRH,0.2706923011064061,0.2706923011064061,180.01
TXT,0.2609484307668261,0.2723054635714127,96.91
TYL,0.4660919926304517,0.4427836520928352,333.28000000000003
U,0.8288505900696288,0.8102339505982598,18.01
UBER,0.3772482430607766,0.3772482430607766,72.58
UBS,0.28485357849504145,0.27697914939304313,41.410000000000004
UDR,0.23652912277582272,0.2370726044122153,37.52
UEC,0.9192789165562563,0.8587562393497775,16.125
UHS,0.42759059816718736,0.42759059816718736,233.47
UL,0.18373321190018266,0.19876950600451945,73.36
UMC,0.5244165998246499,0.5365342747907145,10.56
UNH,0.3294811529942401,0.3684948608225441,281.53000000000003
UNP,0.24214251681181542,0.24678590306185033,265.16
UPS,0.2841166702877824,0.2841166702877824,113.83
UPST,0.7041141126175914,0.7041141126175914,28.78
URI,0.37156736307935,0.3749029500257392,854.32
USAR,1.0170268821578543,1.0170268821578543,20.5
USB,0.2397547184073474,0.2397547184073474,55.730000000000004
USFD,0.2540688927234933,0.26951490489101576,95.92
UTHR,0.4560913411169613,0.4151200348944284,530.57
UUUU,1.0637759936019935,0.9758775496373729,23.46
V,0.2515112903195937,0.2515112903195937,312.27
VALE,0.31664678100950416,0.3630599220824661,17.46
VEEV,0.6177913578921064,0.5347735396793267,176.46
VFC,0.5032410860918216,0.5451066759422507,19.69
VIAV,0.5565007550633467,0.5922335954464975,30.89
VICI,0.20431041843233694,0.21280652286776888,29.93
VIK,0.4665834815818492,0.4330049106997431,79.37
VLO,0.38436671454994015,0.3656720353867506,196.6200408935547
VLTO,0.23305064234545003,0.2486987950041728,94.17
VLY,0.338814905620069,0.34550622969205586,13.14
VMC,0.26884139081873315,0.2655553639171705,309.63
VNOM,0.359540414680363,0.32953287600398695,45.06
VRNS,0.6356639565889416,0.630476758990085,22.59
VRSK,0.3933445802286393,0.3828728473370398,195.44
VRSN,0.2983095618696113,0.2687166457763416,213.84
VRT,0.6147761016113304,0.6147761016113304,263.71
VRTX,0.39503020639142583,0.39503020639142583,483.94
VSCO,0.8143399683037147,0.703006438290769,62.63
VSEC,0.5528979562229914,0.46000413601366713,221.8
VST,0.5898436617609943,0.5258847382246129,173.57
VTR,0.2289773501739491,0.22837628905883597,86.15
VTRS,0.4844461279779135,0.41000665723306634,16.02
VXX,0.713613390456185,0.713613390456185,27.89
W,0.671253277944939,0.6913060149440923,74.26
WAB,0.25108446889777447,0.25108446889777447,263.0
WAL,0.37509990491018647,0.3892023708548393,88.9
WAT,0.348018120850134,0.3444282140032765,321.32
WBD,0.22576854362769358,0.18616438292577098,29.0
WCC,0.40914999873327934,0.4500647851485727,296.99
WCN,0.19177150596621245,0.20163767685050094,165.94
WDAY,0.5210590418370413,0.5476582188883874,130.24
WDC,0.8555847473145943,0.8480134451685484,294.62
WEC,0.20003227868250098,0.2042290858870284,115.09
WELL,0.2424038313257479,0.25547462147312916,209.26
WFC,0.3049134506350671,0.3049134506350671,86.47
WFRD,0.4584684354575885,0.4733890796549065,105.13
WH,0.30569076191910544,0.32413974341543283,83.83
WHR,0.4665522789070021,0.44617349366583337,71.3
WING,0.529174531832812,0.529174531832812,256.57
WIX,0.9537546112097912,0.7656129312650348,64.4
WLK,0.49983553797329605,0.49983553797329605,102.21000000000001
WM,0.20080428855430682,0.20080428855430682,228.09
WMB,0.28320157011950886,0.2679656089635868,73.65
WMS,0.3479084558980087,0.37014285244859385,169.59
WMT,0.26695604242035326,0.2839888249928308,126.33
WPM,0.5212357298012287,0.4845199061693871,159.31
WRB,0.2266468115008198,0.2399739880592124,71.7
WSM,0.5597645366361006,0.4923931934673123,207.45000000000002
WSO,0.34397727097551006,0.37429875583420197,404.18
WST,0.3641003389405437,0.4140767521774883,247.81
WTW,0.29912420518832705,0.2837822201364197,296.19
WWD,0.337695559085957,0.3661439908567832,396.58
WY,0.3057984614164917,0.3057984614164917,24.35
WYNN,0.3683492324993244,0.3683492324993244,107.38
XEL,0.2241687590959328,0.2165031042647107,83.41
XP,0.45259492025419623,0.45259492025419623,22.25
XYL,0.2542431543266619,0.23905340655163132,127.96000000000001
XYZ,0.6788059095183563,0.6788059095183563,51.7599983215332
YUM,0.20013942509721253,0.2229116364971784,164.81
Z,0.5642897878487481,0.5626394099197555,45.01
ZBH,0.2547732501775254,0.2547732501775254,99.28
ZBRA,0.42149242395038666,0.4218295103015316,238.78
ZETA,0.7355169668942496,0.7309128592259586,17.46
ZIM,0.30267970014109224,0.30181042756786086,28.96
ZION,0.341698172988171,0.33043157493142833,60.57
ZM,0.5410206784510183,0.4312475105484851,85.60000000000001
ZS,0.7468242120877261,0.6162325900204536,152.15
ZTS,0.28366492942798754,0.3112246771777251,127.13000000000001
